image_set_id,schema_type
018e2113-b8e6-7ab8-87b5-6fb2c4acd302,users
018e2113-b8e9-769b-879e-53fb0ebd2ecd,users
018e2113-b8e9-769b-879e-53fcf12210e3,users
018e2113-b8e9-769b-879e-53fde0c93d4b,users
018e2113-b8e9-769b-879e-53fe57ca8753,users
018e2113-b8e9-769b-879e-53ff4387979d,users
018e2113-b8e9-769b-879e-5400cdcdb9f1,users
018e2113-b8e9-769b-879e-5403c268e017,users
018e2113-b8e9-769b-879e-54044069ac25,users
018e2113-b8e9-769b-879e-5402ef57fd1d,users
018e2113-b8e9-769b-879e-54050e31106a,users
018e2113-b8e9-769b-879e-54015824ff3c,users
018e2113-b8e9-769b-879e-5406481597b3,users
018e2113-b8e9-769b-879e-54070209526d,users
018e2113-b8e9-769b-879e-540821473bd1,users
